statistic,p_value,n_datasets,n_methods
11.680000000000007,0.019896483560558016,5,5
